{
  "name" : "MakeReservations",
  "type" : "COMPOSITEBAG",
  "enumValues" : [ {
    "canonicalName" : "Events",
    "synonyms" : null
  } ],
  "namedEntityRuleParams" : [ ],
  "multiValue" : false,
  "fuzzyMatch" : false,
  "promptForDisambiguation" : true,
  "botPrompts" : [ {
    "text" : "Please enter Entity2",
    "sequenceNr" : null
  } ],
  "validationRules" : [ ],
  "compositeBagItems" : [ {
    "sequenceNr" : 1,
    "name" : "BagEvent",
    "type" : "ENTITY",
    "entityName" : "Events",
    "entityUsage" : {
      "name" : "Events",
      "description" : null,
      "patternExpression" : null,
      "type" : "ENUMVALUES",
      "enumValues" : [ {
        "canonicalName" : "Concours d'Elegence",
        "synonyms" : [ "cars", "vintage" ]
      }, {
        "canonicalName" : "Encore Metal Show",
        "synonyms" : [ "rock", "hard rock" ]
      }, {
        "canonicalName" : "Jazz Festival",
        "synonyms" : [ "jazz" ]
      }, {
        "canonicalName" : "Wellness Festival",
        "synonyms" : [ "health", "fitness" ]
      } ],
      "prompts" : null,
      "parentEntity" : null,
      "nextUpdateAt" : null,
      "multiValue" : false,
      "fuzzyMatch" : true,
      "promptForDisambiguation" : true,
      "disambiguationPrompt" : null,
      "enumRangeSize" : null,
      "errorMessage" : null,
      "namedEntityRuleParams" : [ ],
      "botPrompts" : [ {
        "text" : "Here are the events available:"
      } ],
      "validationRules" : [ ]
    },
    "multiValue" : false,
    "fuzzyMatch" : true,
    "outOfOrderExtraction" : true,
    "promptForDisambiguation" : true,
    "prompts" : [ {
      "text" : "Here are the events available:",
      "sequenceNr" : null
    } ]
  }, {
    "sequenceNr" : 2,
    "name" : "BagNumber",
    "type" : "ENTITY",
    "entityName" : "NUMBER",
    "entityUsage" : {
      "name" : "NUMBER",
      "description" : null,
      "patternExpression" : null,
      "type" : "SYSTEM",
      "enumValues" : null,
      "prompts" : null,
      "parentEntity" : null,
      "nextUpdateAt" : null,
      "multiValue" : false,
      "fuzzyMatch" : false,
      "promptForDisambiguation" : true,
      "disambiguationPrompt" : null,
      "enumRangeSize" : null,
      "errorMessage" : null,
      "namedEntityRuleParams" : [ ],
      "botPrompts" : [ ],
      "validationRules" : [ ]
    },
    "multiValue" : false,
    "fuzzyMatch" : false,
    "outOfOrderExtraction" : true,
    "promptForDisambiguation" : true,
    "prompts" : [ {
      "text" : "How many seats do you want to reserve?",
      "sequenceNr" : 1
    } ]
  } ]
}