{
  "name" : "SearchEvents",
  "type" : "NLPIntent",
  "intentParameters" : [ {
    "name" : "Events",
    "required" : true,
    "entity" : "Events"
  }, {
    "name" : "NUMBER",
    "required" : true,
    "entity" : "NUMBER"
  } ],
  "exampleData" : [ {
    "sentence" : "any rock music festival closer to me?",
    "exampleEntities" : [ ]
  }, {
    "sentence" : "do you have any cars festival?",
    "exampleEntities" : [ ]
  }, {
    "sentence" : "What are the events around me?",
    "exampleEntities" : [ ]
  }, {
    "sentence" : "events",
    "exampleEntities" : [ ]
  } ]
}