{
  "name" : "Bookings",
  "type" : "NLPIntent",
  "intentParameters" : [ {
    "name" : "MakeReservations",
    "required" : true,
    "entity" : "MakeReservations"
  } ],
  "exampleData" : [ {
    "sentence" : "are there any events available",
    "exampleEntities" : [ ]
  }, {
    "sentence" : "I want to make a reservation",
    "exampleEntities" : [ ]
  }, {
    "sentence" : "i want to make a booking for jazz festival for two people",
    "exampleEntities" : [ ]
  }, {
    "sentence" : "i would like to make a reservation",
    "exampleEntities" : [ ]
  }, {
    "sentence" : "i want to make a booking",
    "exampleEntities" : [ ]
  }, {
    "sentence" : "Make for me a reservation",
    "exampleEntities" : [ ]
  }, {
    "sentence" : "I want to book seats ",
    "exampleEntities" : [ ]
  }, {
    "sentence" : "book for me",
    "exampleEntities" : [ ]
  }, {
    "sentence" : "reservation",
    "exampleEntities" : [ ]
  }, {
    "sentence" : "book",
    "exampleEntities" : [ ]
  }, {
    "sentence" : "reserve",
    "exampleEntities" : [ ]
  } ]
}