{
  "name" : "Events",
  "type" : "ENUMVALUES",
  "enumValues" : [ {
    "canonicalName" : "Concours d'Elegence",
    "synonyms" : [ "cars", "vintage" ]
  }, {
    "canonicalName" : "Encore Metal Show",
    "synonyms" : [ "rock", "hard rock" ]
  }, {
    "canonicalName" : "Jazz Festival",
    "synonyms" : [ "jazz" ]
  }, {
    "canonicalName" : "Wellness Festival",
    "synonyms" : [ "health", "fitness" ]
  } ],
  "namedEntityRuleParams" : [ ],
  "multiValue" : false,
  "fuzzyMatch" : true,
  "promptForDisambiguation" : true,
  "botPrompts" : [ {
    "text" : "Here are the events available:",
    "sequenceNr" : null
  } ],
  "validationRules" : [ ],
  "compositeBagItems" : [ ]
}